{
  "10p10": {
    "arima": { "mae": 1.3779518183465473e-5, "mse": 2.2188730350695376e-10 }
  },
  "20p20": {
    "arima": { "mae": 1.2998951184450824e-5, "mse": 2.1993276214992229e-10 }
  }
}
