{"10p10": {"arima": {"mae": 0.005785849634077403, "mse": 0.0020427865950576225}}, "20p20": {"arima": {"mae": 0.004395603068617232, "mse": 0.006203332079831786}}, "30p30": {"arima": {"mae": 0.005140249636093184, "mse": 0.010676600612160199}}, "40p40": {"arima": {"mae": 0.007558300193701072, "mse": 0.011377717777232767}}, "50p50": {"arima": {"mae": 0.00952628473040766, "mse": 0.01253645024062646}}, "60p60": {"arima": {"mae": 0.012003838152342768, "mse": 0.023212581368844073}}, "70p70": {"arima": {"mae": 0.01344184406163329, "mse": 0.02895562549191819}}, "80p80": {"arima": {"mae": 0.011534356233276154, "mse": 0.014140883062023235}}, "90p90": {"arima": {"mae": 0.012994012297440878, "mse": 0.013547896892478766}}, "100p100": {"arima": {"mae": 0.02058225869395527, "mse": 0.03072426275548277}}, "110p110": {"arima": {"mae": 0.020183300191921962, "mse": 0.035003998357578135}}, "120p120": {"arima": {"mae": 0.014396418968121825, "mse": 0.015582012193507954}}, "130p130": {"arima": {"mae": 0.013501262781198604, "mse": 0.012068302148926019}}, "140p140": {"arima": {"mae": 0.01821514185819383, "mse": 0.018411464929970728}}, "150p150": {"arima": {"mae": 0.024415227018418886, "mse": 0.028665257555761024}}, "160p160": {"arima": {"mae": 0.022224450277747904, "mse": 0.02876472971364275}}, "170p170": {"arima": {"mae": 0.022992712098115774, "mse": 0.03463631992801952}}, "180p180": {"arima": {"mae": 0.028921264909769182, "mse": 0.04373538924462713}}, "190p190": {"arima": {"mae": 0.028284753743983003, "mse": 0.03836723214681249}}, "200p200": {"arima": {"mae": 0.03359240394149898, "mse": 0.056259872280174}}, "210p210": {"arima": {"mae": 0.036386243113288724, "mse": 0.05826286398091534}}, "220p220": {"arima": {"mae": 0.03641623925625436, "mse": 0.08545962717291807}}, "230p230": {"arima": {"mae": 0.04490082190304894, "mse": 0.11889003011047135}}, "240p240": {"arima": {"mae": 0.031240844393241783, "mse": 0.07388836481630379}}, "250p250": {"arima": {"mae": 0.02668490866165163, "mse": 0.049385265230119366}}, "260p260": {"arima": {"mae": 0.03189877738050184, "mse": 0.06375728501234966}}, "270p270": {"arima": {"mae": 0.03455437861774735, "mse": 0.06959909530672687}}, "280p280": {"arima": {"mae": 0.036727764380672406, "mse": 0.08526006729139088}}, "290p290": {"arima": {"mae": 0.051552000865665845, "mse": 0.12558543980197856}}, "300p300": {"arima": {"mae": 0.055520715195808035, "mse": 0.13425970845134325}}, "310p310": {"arima": {"mae": 0.06725332329903232, "mse": 0.16612410999582886}}, "320p320": {"arima": {"mae": 0.03139371114646235, "mse": 0.04908145791841219}}, "330p330": {"arima": {"mae": 0.018278058870357456, "mse": 0.014345046891364711}}, "340p340": {"arima": {"mae": 0.026345154871812094, "mse": 0.022445308747993144}}, "350p350": {"arima": {"mae": 0.031697162707716435, "mse": 0.028553478308136246}}, "360p360": {"arima": {"mae": 0.03358804334509692, "mse": 0.030211197992002038}}, "370p370": {"arima": {"mae": 0.02357875580776791, "mse": 0.025260858418642115}}, "380p380": {"arima": {"mae": 0.025963454511153283, "mse": 0.029425973615621857}}, "390p390": {"arima": {"mae": 0.032834836557865815, "mse": 0.03794016338136137}}, "400p400": {"arima": {"mae": 0.03291008945799585, "mse": 0.041116827540983975}}, "410p410": {"arima": {"mae": 0.05129621394083928, "mse": 0.06534537887481875}}, "420p420": {"arima": {"mae": 0.05473718217473212, "mse": 0.07372349262499081}}, "430p430": {"arima": {"mae": 0.06358312256878516, "mse": 0.09358030322139065}}, "440p440": {"arima": {"mae": 0.04358483857252925, "mse": 0.041189813288897266}}, "450p450": {"arima": {"mae": 0.04485534431525587, "mse": 0.04484990201573407}}, "460p460": {"arima": {"mae": 0.04742065658641719, "mse": 0.049313694123149704}}, "470p470": {"arima": {"mae": 0.05288088577012886, "mse": 0.08716392369681593}}, "480p480": {"arima": {"mae": 0.030045202094086232, "mse": 0.025434005898377812}}, "490p490": {"arima": {"mae": 0.03123937735955595, "mse": 0.028576932545863146}}, "500p500": {"arima": {"mae": 0.03387658519363628, "mse": 0.032112230240290106}}, "510p510": {"arima": {"mae": 0.07014125417019873, "mse": 0.08757114550540086}}, "520p520": {"arima": {"mae": 0.07129815311982811, "mse": 0.09164545881910663}}, "530p530": {"arima": {"mae": 0.06078754140324538, "mse": 0.07596818338784085}}, "540p540": {"arima": {"mae": 0.062902975020661, "mse": 0.0792155093315454}}, "550p550": {"arima": {"mae": 0.06407476581972048, "mse": 0.08094616657285712}}, "560p560": {"arima": {"mae": 0.03890957198407621, "mse": 0.037626347583670554}}, "570p570": {"arima": {"mae": 0.047807238193422356, "mse": 0.04845660938078784}}, "580p580": {"arima": {"mae": 0.04236563192875079, "mse": 0.043462387084195815}}, "590p590": {"arima": {"mae": 0.04406127556374805, "mse": 0.046694142109282466}}, "600p600": {"arima": {"mae": 0.06299366704213814, "mse": 0.09652980628997021}}, "610p610": {"arima": {"mae": 0.06370598118991098, "mse": 0.09418690650326324}}, "620p620": {"arima": {"mae": 0.06625865909314592, "mse": 0.09738426105389329}}, "630p630": {"arima": {"mae": 0.051718171701269446, "mse": 0.06199013095872428}}, "640p640": {"arima": {"mae": 0.10536924157871136, "mse": 0.5791187827507704}}, "650p650": {"arima": {"mae": 0.028970354405905226, "mse": 0.021923137983922765}}, "660p660": {"arima": {"mae": 0.025397394074835225, "mse": 0.018047606668035628}}, "670p670": {"arima": {"mae": 0.11194858841973342, "mse": 0.1553960978204422}}, "680p680": {"arima": {"mae": 0.11282074227124825, "mse": 0.15754047808118896}}, "690p690": {"arima": {"mae": 0.11370768697097113, "mse": 0.15983383127081374}}, "700p700": {"arima": {"mae": 0.11489001818004609, "mse": 0.16289432240102217}}, "710p710": {"arima": {"mae": 0.1160041788392988, "mse": 0.16557239237546614}}, "720p720": {"arima": {"mae": 0.11735881017850282, "mse": 0.1683906155094743}}, "730p730": {"arima": {"mae": 0.1832012293700351, "mse": 0.39828781707587824}}, "740p740": {"arima": {"mae": 0.14164267053671198, "mse": 0.2519783830184333}}, "750p750": {"arima": {"mae": 0.14063219958382772, "mse": 0.24888708412173804}}, "760p760": {"arima": {"mae": 0.1370614261490354, "mse": 0.246463556100913}}, "770p770": {"arima": {"mae": 0.1431773465500518, "mse": 0.24622123050340683}}, "780p780": {"arima": {"mae": 0.216861714538691, "mse": 0.5329426031469049}}, "790p790": {"arima": {"mae": 0.17758896999904575, "mse": 0.4297549481651746}}, "800p800": {"arima": {"mae": 0.214285339821119, "mse": 0.5182752431324599}}, "810p810": {"arima": {"mae": 0.1819145921775576, "mse": 0.4335803592942178}}, "820p820": {"arima": {"mae": 0.16658384388977107, "mse": 0.35597188985361633}}, "830p830": {"arima": {"mae": 0.17687409882953442, "mse": 0.397954324644651}}, "840p840": {"arima": {"mae": 0.1801761281393839, "mse": 0.41807106105775615}}, "850p850": {"arima": {"mae": 0.18140295933672593, "mse": 0.42572474221971396}}, "860p860": {"arima": {"mae": 0.1827536074827233, "mse": 0.4304560732488106}}, "870p870": {"arima": {"mae": 0.1755916527728637, "mse": 0.3967066755461817}}, "880p880": {"arima": {"mae": 0.1669417327900914, "mse": 0.32674836770278504}}, "890p890": {"arima": {"mae": 0.23512769698466976, "mse": 0.6854068032820494}}, "900p900": {"arima": {"mae": 0.1742162217786292, "mse": 0.3820779879413921}}, "910p910": {"arima": {"mae": 0.14768595326064063, "mse": 0.22969175427679078}}, "920p920": {"arima": {"mae": 0.17525753675743985, "mse": 0.36610657646165357}}, "930p930": {"arima": {"mae": 0.1782433284574698, "mse": 0.3829532683804732}}, "940p940": {"arima": {"mae": 0.1489530838198256, "mse": 0.23037026721484175}}, "950p950": {"arima": {"mae": 0.1447248189385678, "mse": 0.21619407636632146}}, "960p960": {"arima": {"mae": 0.11198395206503728, "mse": 0.14904074339458478}}, "970p970": {"arima": {"mae": 0.1446083995612332, "mse": 0.23507787667844637}}, "980p980": {"arima": {"mae": 0.12800673383936065, "mse": 0.1687660207971478}}, "990p990": {"arima": {"mae": 1.1831319179509494, "mse": 91.65072908069659}}, "1000p1000": {"arima": {"mae": 0.10788054711310707,