{"10p10": {"arima": {"mae": 0.005785849634077403, "mse": 0.0020427865950576225}}, "20p20": {"arima": {"mae": 0.005785849634077403, "mse": 0.0020427865950576225}}, "30p30": {"arima": {"mae": 0.005785849634077403, "mse": 0.0020427865950576225}}, "40p40": {"arima": {"mae": 0.005785849634077403, "mse": 0.0020427865950576225}}, "50p50": {"arima": {"mae": 0.005785849634077403, "mse": 0.0020427865950576225}}, "60p60": {"arima": {"mae": 0.005785849634077403, "mse": 0.0020427865950576225}}, "70p70": {"arima": {"mae": 0.005785849634077403, "mse": 0.0020427865950576225}}, "80p80": {"arima": {"mae": 0.005785849634077403, "mse": 0.0020427865950576225}}, "90p90": {"arima": {"mae": 0.005785849634077403, "mse": 0.0020427865950576225}}, "100p100": {"arima": {"mae": 0.005785849634077403, "mse": 0.0020427865950576225}}}